{
    "Components": [
        {
            "Color": {
                "w": 1.0,
                "x": 0.9950980544090271,
                "y": 0.9288141131401062,
                "z": 0.24389660358428955
            },
            "Enabled": true,
            "Model": "Cube",
            "Type": "class renderable",
            "mbUseDefaultModel": true
        },
        {
            "Drag": {
                "x": 0.9900000095367432,
                "y": 0.9900000095367432,
                "z": 0.9900000095367432
            },
            "Enabled": true,
            "Gravity": {
                "x": 0.0,
                "y": 0.0,
                "z": 0.0
            },
            "Mass": 1.0,
            "Type": "struct Rigidbody",
            "Velocity": {
                "x": 0.0,
                "y": 0.0,
                "z": 0.0
            }
        },
        {
            "Enabled": true,
            "Type": "class Bullet"
        }
    ],
    "Transform": {
        "Forward": {
            "x": 0.0,
            "y": 0.0,
            "z": -1.0
        },
        "Offset": {
            "x": 0.0,
            "y": 0.0,
            "z": 0.0
        },
        "Orientation": {
            "x": 0.0,
            "y": 0.0,
            "z": 0.0
        },
        "Position": {
            "x": 4.662993431091309,
            "y": 12.311245918273926,
            "z": -19.011281967163086
        },
        "Right": {
            "x": 1.0,
            "y": 0.0,
            "z": 0.0
        },
        "Scale": {
            "x": 0.029999999329447746,
            "y": 0.029999999329447746,
            "z": 70.0
        },
        "Up": {
            "x": 0.0,
            "y": 1.0,
            "z": 0.0
        },
        "mRightChild": {
            "x": 0.0,
            "y": 0.0,
            "z": 0.0
        },
        "mUpChild": {
            "x": 0.0,
            "y": 0.0,
            "z": 0.0
        },
        "mViewChild": {
            "x": 0.0,
            "y": 0.0,
            "z": 0.0
        }
    },
    "mName": "Bullet1"
}