{
    "Components": [
        {
            "Color": {
                "w": 0.0,
                "x": 0.3333333134651184,
                "y": 0.29752954840660095,
                "z": 0.08986927568912506
            },
            "Enabled": true,
            "Model": "Cube",
            "Type": "class renderable",
            "mbUseDefaultModel": true
        },
        {
            "Collider Offset": {
                "x": 4.83398962020874,
                "y": 12.450161933898926,
                "z": 7.431678295135498
            },
            "Collider Position": {
                "x": 0.0,
                "y": -7.165287017822266,
                "z": -1.5889511108398438
            },
            "Collider Scale": {
                "x": -121.31106567382813,
                "y": 12.045938491821289,
                "z": -122.5624771118164
            },
            "Collider Shape": "Cubic",
            "Enabled": true,
            "Type": "struct StaticCollider"
        },
        {
            "Enabled": true,
            "Type": "class Robot",
            "cooldown": 0.0,
            "range": 0.0,
            "velocity": 0.0
        }
    ],
    "Transform": {
        "Forward": {
            "x": -0.0,
            "y": -0.0,
            "z": 1.0
        },
        "Offset": {
            "x": 0.0,
            "y": 0.0,
            "z": 0.0
        },
        "Pitch": 0.0,
        "Position": {
            "x": -1.218679666519165,
            "y": -9.51950454711914,
            "z": -1.9813175201416016
        },
        "Right": {
            "x": 1.0,
            "y": 0.0,
            "z": 0.0
        },
        "Roll": 0.0,
        "Scale": {
            "x": 129.9556884765625,
            "y": 4.201120853424072,
            "z": 132.1647186279297
        },
        "Up": {
            "x": -0.0,
            "y": 1.0,
            "z": 0.0
        },
        "Yaw": -0.0
    },
    "mName": "Floor"
}