{
    "Components": [
        {
            "Enabled": true,
            "Type": "class ParticleSystem",
            "mColorRange": {
                "Begin": {
                    "Begin": {
                        "w": 1.0,
                        "x": 0.334006130695343,
                        "y": 0.4580410122871399,
                        "z": 0.4901960492134094
                    },
                    "End": {
                        "w": 0.364705890417099,
                        "x": 0.25882354378700256,
                        "y": 0.13725490868091583,
                        "z": 1.0
                    }
                },
                "End": {
                    "Begin": {
                        "w": 1.0,
                        "x": 0.9411764740943909,
                        "y": 0.7616527676582336,
                        "z": 0.06920415908098221
                    },
                    "End": {
                        "w": 1.0,
                        "x": 0.9411764740943909,
                        "y": 0.7616527676582336,
                        "z": 0.06920415908098221
                    }
                }
            },
            "mEmitRate": 48.599998474121094,
            "mLifeTimeRange": {
                "Begin": 1.25,
                "End": 2.9000000953674316
            },
            "mMaxParticles": 100,
            "mScaleRange": {
                "Begin": {
                    "Begin": {
                        "x": 0.15000000596046448,
                        "y": 0.15000000596046448,
                        "z": 0.15000000596046448
                    },
                    "End": {
                        "x": 0.20000000298023224,
                        "y": 0.20000000298023224,
                        "z": 0.20000000298023224
                    }
                },
                "End": {
                    "Begin": {
                        "x": 0.10000000149011612,
                        "y": 0.05000000074505806,
                        "z": 0.05000000074505806
                    },
                    "End": {
                        "x": 0.44999998807907104,
                        "y": 0.4000000059604645,
                        "z": 0.44999998807907104
                    }
                }
            },
            "mVelocityRange": {
                "Begin": {
                    "x": -0.75,
                    "y": 1.9500000476837158,
                    "z": -1.149999976158142
                },
                "End": {
                    "x": 2.049999952316284,
                    "y": 9.350000381469727,
                    "z": 2.700000047683716
                }
            },
            "mbActive": true,
            "mbLerpColor": true,
            "mbLerpScale": true,
            "mbRandomFinalColor": true,
            "mbRandomFinalScale": true,
            "mbRandomInitialColor": true,
            "mbRandomInitialScale": true
        }
    ],
    "Tag": 1,
    "Transform": {
        "Forward": {
            "x": 0.0,
            "y": 0.0,
            "z": -1.0
        },
        "Offset": {
            "x": 0.0,
            "y": 0.0,
            "z": 0.0
        },
        "Orientation": {
            "x": 0.0,
            "y": 0.0,
            "z": 0.0
        },
        "Position": {
            "x": 0.7678142786026001,
            "y": 463.0162353515625,
            "z": -891.122314453125
        },
        "Right": {
            "x": 1.0,
            "y": 0.0,
            "z": 0.0
        },
        "Scale": {
            "x": 1.0,
            "y": 1.0,
            "z": 1.0
        },
        "Up": {
            "x": 0.0,
            "y": 1.0,
            "z": 0.0
        },
        "mRightChild": {
            "x": 0.0,
            "y": 0.0,
            "z": 0.0
        },
        "mUpChild": {
            "x": 0.0,
            "y": 0.0,
            "z": 0.0
        },
        "mViewChild": {
            "x": 0.0,
            "y": 0.0,
            "z": 0.0
        }
    },
    "UseParentDirection": false,
    "UseParentPos": true,
    "mName": "ParticlesTaskFeedbackActive"
}