{
    "Components": [
        {
            "Collider Offset": {
                "x": 0.0,
                "y": 0.0,
                "z": 0.0
            },
            "Collider Scale": {
                "x": 2.4683358669281006,
                "y": 55.28572463989258,
                "z": 244.85630798339844
            },
            "Collider Shape": "OBB",
            "Enabled": true,
            "Ghost": false,
            "Type": "struct StaticCollider"
        }
    ],
    "Tag": 0,
    "Transform": {
        "Forward": {
            "x": 0.28479501605033875,
            "y": 0.059351541101932526,
            "z": -0.956748902797699
        },
        "Offset": {
            "x": 0.0,
            "y": 0.0,
            "z": 0.0
        },
        "Orientation": {
            "x": 0.0,
            "y": 0.0,
            "z": 0.0
        },
        "Position": {
            "x": -70.3165283203125,
            "y": 37.66973114013672,
            "z": -263.068115234375
        },
        "Right": {
            "x": 0.9227500557899475,
            "y": 0.2533853054046631,
            "z": 0.290393203496933
        },
        "Scale": {
            "x": 2.4683358669281006,
            "y": 55.28572082519531,
            "z": 244.85630798339844
        },
        "Up": {
            "x": -0.25966155529022217,
            "y": 0.9655430912971497,
            "z": -0.01739627681672573
        }
    },
    "UseParentDirection": false,
    "UseParentPos": true,
    "mName": "PilotWalls7"
}