{
    "Components": [
        {
            "Color": {
                "w": 0.0,
                "x": 0.13024437427520752,
                "y": 0.3235294222831726,
                "z": 0.014273351058363914
            },
            "Enabled": true,
            "Model": "Sphere",
            "Type": "class renderable",
            "mbUseDefaultModel": true
        },
        {
            "Drag": {
                "x": 0.9900000095367432,
                "y": 0.9900000095367432,
                "z": 0.9900000095367432
            },
            "Enabled": true,
            "Gravity": {
                "x": 0.0,
                "y": 0.0,
                "z": 0.0
            },
            "Mass": 1.0,
            "Type": "struct Rigidbody",
            "Velocity": {
                "x": 0.0,
                "y": 0.0,
                "z": 0.0
            }
        },
        {
            "Enabled": true,
            "Type": "class Projectile"
        }
    ],
    "Transform": {
        "Forward": {
            "x": 0.0,
            "y": 0.0,
            "z": -1.0
        },
        "Offset": {
            "x": 0.0,
            "y": 0.0,
            "z": 0.0
        },
        "Pitch": 0.0,
        "Position": {
            "x": 0.0,
            "y": 14.835600852966309,
            "z": -29.013607025146484
        },
        "Right": {
            "x": 1.0,
            "y": 0.0,
            "z": 0.0
        },
        "Roll": 0.0,
        "Scale": {
            "x": 0.550902247428894,
            "y": 0.550902247428894,
            "z": 0.550902247428894
        },
        "Up": {
            "x": 0.0,
            "y": 1.0,
            "z": 0.0
        },
        "Yaw": 0.0
    },
    "mName": "Projectile"
}