{
    "Childs": [
        {
            "Tag": 1,
            "Transform": {
                "Forward": {
                    "x": 0.0,
                    "y": 0.0,
                    "z": -1.0
                },
                "Offset": {
                    "x": 0.0,
                    "y": 0.0,
                    "z": 0.0
                },
                "Orientation": {
                    "x": 0.0,
                    "y": 0.0,
                    "z": 0.0
                },
                "Position": {
                    "x": 6.746347427368164,
                    "y": 71.6294937133789,
                    "z": -231.27920532226563
                },
                "Right": {
                    "x": 1.0,
                    "y": 0.0,
                    "z": 0.0
                },
                "Scale": {
                    "x": 249.99038696289063,
                    "y": 82.86798858642578,
                    "z": 289.7080993652344
                },
                "Up": {
                    "x": 0.0,
                    "y": 1.0,
                    "z": 0.0
                }
            },
            "UseParentDirection": false,
            "UseParentPos": false,
            "mName": "Room0"
        },
        {
            "Tag": 1,
            "Transform": {
                "Forward": {
                    "x": 0.0,
                    "y": 0.0,
                    "z": -1.0
                },
                "Offset": {
                    "x": 0.0,
                    "y": 0.0,
                    "z": 0.0
                },
                "Orientation": {
                    "x": 0.0,
                    "y": 0.0,
                    "z": 0.0
                },
                "Position": {
                    "x": 4.1960039138793945,
                    "y": 88.57352447509766,
                    "z": 171.20851135253906
                },
                "Right": {
                    "x": 1.0,
                    "y": 0.0,
                    "z": 0.0
                },
                "Scale": {
                    "x": 163.2666015625,
                    "y": 176.96470642089844,
                    "z": 200.15296936035156
                },
                "Up": {
                    "x": 0.0,
                    "y": 1.0,
                    "z": 0.0
                }
            },
            "UseParentDirection": false,
            "UseParentPos": false,
            "mName": "Room1"
        },
        {
            "Tag": 1,
            "Transform": {
                "Forward": {
                    "x": 0.0,
                    "y": 0.0,
                    "z": -1.0
                },
                "Offset": {
                    "x": 0.0,
                    "y": 0.0,
                    "z": 0.0
                },
                "Orientation": {
                    "x": 0.0,
                    "y": 0.0,
                    "z": 0.0
                },
                "Position": {
                    "x": 0.0,
                    "y": -69.93184661865234,
                    "z": 101.31877899169922
                },
                "Right": {
                    "x": 1.0,
                    "y": 0.0,
                    "z": 0.0
                },
                "Scale": {
                    "x": 297.2565002441406,
                    "y": 79.10478973388672,
                    "z": 330.4995422363281
                },
                "Up": {
                    "x": 0.0,
                    "y": 1.0,
                    "z": 0.0
                }
            },
            "UseParentDirection": false,
            "UseParentPos": false,
            "mName": "Room2"
        }
    ],
    "Components": [
        {
            "Enabled": true,
            "Type": "class RoomSystem"
        }
    ],
    "Tag": 1,
    "Transform": {
        "Forward": {
            "x": 0.0,
            "y": 0.0,
            "z": -1.0
        },
        "Offset": {
            "x": 0.0,
            "y": 0.0,
            "z": 0.0
        },
        "Orientation": {
            "x": 0.0,
            "y": 0.0,
            "z": 0.0
        },
        "Position": {
            "x": 23.943361282348633,
            "y": 127.37247467041016,
            "z": -1.4703636169433594
        },
        "Right": {
            "x": 1.0,
            "y": 0.0,
            "z": 0.0
        },
        "Scale": {
            "x": 1.0,
            "y": 1.0,
            "z": 1.0
        },
        "Up": {
            "x": 0.0,
            "y": 1.0,
            "z": 0.0
        }
    },
    "UseParentDirection": false,
    "UseParentPos": true,
    "mName": "RoomsSystem"
}